{
"jo":1724.5501852331438,
"meg":1316.286495883336,
"amy":1183.2022372158265,
"laurie":1135.3750817571904,
"beth":572.5395711425148,
"martians":332.71064666877373,
"martian":108.13096016735146,
"woking":108.13096016735146,
"heatray":72.78045395879425,
"ulla":58.2243631670354,
"stephen":1000.211381548001,
"bloom":614.1284019761115,
"j":420.0471914193268,
"don’t":363.90226979397124,
"dedalus":332.71064666877373,
"republic":228.73856958478194,
"glaucon":178.8319725844659,
"thrasymachus":174.6730895011062,
"adeimantus":149.71979100094816,
"ideal":134.47055302862938,
"soveraign":1025.164680048159,
"onely":856.7299151720923,
"civill":677.8979425876264,
"kingdome":598.8791640037927,
"lawes":524.0192685033186,
"bennet":605.1174886288322,
"bingley":521.9398269616388,
"darcy":505.9974418087601,
"elizabeth":405.491100627568,
"jane":360.43653389117156,
"alice":231.51115830702173,
"[illustration]":45.747713916956386,
"'round":31.191623125197538,
"rabbit":21.487562597358306,
"caterpillar":19.408121055678468,
"hector":507.38373616987997,
"trojan":311.9162312519754,
"o'er":251.61242654326014,
"jove":246.7603962793405,
"trojans":241.21521883486093
}